onset	duration	trial_type	value	sample
63.344	3.0	right_hand	3	15836
70.104	3.0	left_hand	1	17526
76.864	3.0	rest	2	19216
83.624	3.0	left_hand	1	20906
90.384	3.0	right_hand	3	22596
97.156	3.0	left_hand	1	24289
103.928	3.0	right_hand	3	25982
110.704	3.0	right_hand	3	27676
117.476	3.0	rest	2	29369
124.252	3.0	left_hand	1	31063
131.028	3.0	left_hand	1	32757
137.8	3.0	left_hand	1	34450
144.58	3.0	left_hand	1	36145
151.348	3.0	left_hand	1	37837
158.124	3.0	right_hand	3	39531
164.9	3.0	left_hand	1	41225
171.672	3.0	rest	2	42918
178.448	3.0	rest	2	44612
185.228	3.0	left_hand	1	46307
191.996	3.0	rest	2	47999
198.772	3.0	left_hand	1	49693
205.544	3.0	rest	2	51386
212.32	3.0	right_hand	3	53080
219.096	3.0	right_hand	3	54774
225.868	3.0	rest	2	56467
232.644	3.0	rest	2	58161
239.42	3.0	right_hand	3	59855
246.192	3.0	left_hand	1	61548
252.968	3.0	left_hand	1	63242
259.74	3.0	left_hand	1	64935
290.308	3.0	right_hand	3	72577
296.612	3.0	right_hand	3	74153
302.924	3.0	left_hand	1	75731
309.236	3.0	rest	2	77309
315.544	3.0	left_hand	1	78886
321.856	3.0	rest	2	80464
328.168	3.0	rest	2	82042
334.476	3.0	right_hand	3	83619
340.788	3.0	right_hand	3	85197
347.096	3.0	left_hand	1	86774
353.412	3.0	right_hand	3	88353
359.72	3.0	rest	2	89930
366.032	3.0	left_hand	1	91508
372.34	3.0	left_hand	1	93085
378.648	3.0	right_hand	3	94662
384.96	3.0	right_hand	3	96240
391.272	3.0	left_hand	1	97818
397.58	3.0	right_hand	3	99395
403.892	3.0	rest	2	100973
410.2	3.0	right_hand	3	102550
416.512	3.0	rest	2	104128
422.824	3.0	right_hand	3	105706
429.136	3.0	right_hand	3	107284
435.444	3.0	left_hand	1	108861
441.752	3.0	rest	2	110438
448.064	3.0	right_hand	3	112016
454.376	3.0	rest	2	113594
460.684	3.0	left_hand	1	115171
467.0	3.0	left_hand	1	116750
473.304	3.0	rest	2	118326
546.028	3.0	rest	2	136507
552.528	3.0	right_hand	3	138132
559.036	3.0	left_hand	1	139759
565.536	3.0	left_hand	1	141384
572.044	3.0	right_hand	3	143011
578.548	3.0	right_hand	3	144637
585.052	3.0	rest	2	146263
591.556	3.0	rest	2	147889
598.06	3.0	right_hand	3	149515
604.564	3.0	right_hand	3	151141
611.068	3.0	right_hand	3	152767
617.572	3.0	right_hand	3	154393
624.076	3.0	right_hand	3	156019
630.58	3.0	rest	2	157645
637.088	3.0	left_hand	1	159272
643.596	3.0	right_hand	3	160899
650.1	3.0	left_hand	1	162525
656.6	3.0	right_hand	3	164150
663.104	3.0	rest	2	165776
669.612	3.0	rest	2	167403
676.116	3.0	right_hand	3	169029
682.616	3.0	right_hand	3	170654
689.124	3.0	rest	2	172281
695.624	3.0	left_hand	1	173906
702.128	3.0	right_hand	3	175532
708.636	3.0	rest	2	177159
715.14	3.0	right_hand	3	178785
721.644	3.0	rest	2	180411
728.148	3.0	right_hand	3	182037
734.652	3.0	left_hand	1	183663
769.984	3.0	left_hand	1	192496
776.068	3.0	rest	2	194017
782.148	3.0	left_hand	1	195537
788.232	3.0	right_hand	3	197058
794.312	3.0	rest	2	198578
800.396	3.0	right_hand	3	200099
806.476	3.0	left_hand	1	201619
812.56	3.0	left_hand	1	203140
818.64	3.0	right_hand	3	204660
824.724	3.0	right_hand	3	206181
830.804	3.0	left_hand	1	207701
836.888	3.0	rest	2	209222
842.968	3.0	left_hand	1	210742
849.048	3.0	left_hand	1	212262
855.132	3.0	right_hand	3	213783
861.212	3.0	right_hand	3	215303
867.296	3.0	rest	2	216824
873.376	3.0	rest	2	218344
879.464	3.0	right_hand	3	219866
885.54	3.0	right_hand	3	221385
891.624	3.0	left_hand	1	222906
897.708	3.0	left_hand	1	224427
903.788	3.0	left_hand	1	225947
909.872	3.0	right_hand	3	227468
915.952	3.0	right_hand	3	228988
922.032	3.0	rest	2	230508
928.112	3.0	rest	2	232028
934.196	3.0	rest	2	233549
940.28	3.0	right_hand	3	235070
946.36	3.0	right_hand	3	236590
1401.044	3.0	rest	2	350261
1407.776	3.0	right_hand	3	351944
1414.508	3.0	rest	2	353627
1421.24	3.0	left_hand	1	355310
1427.976	3.0	rest	2	356994
1434.708	3.0	rest	2	358677
1441.44	3.0	right_hand	3	360360
1448.172	3.0	left_hand	1	362043
1454.908	3.0	rest	2	363727
1461.64	3.0	right_hand	3	365410
1468.372	3.0	left_hand	1	367093
1475.104	3.0	right_hand	3	368776
1481.84	3.0	left_hand	1	370460
1488.572	3.0	left_hand	1	372143
1495.304	3.0	right_hand	3	373826
1502.036	3.0	left_hand	1	375509
1508.768	3.0	rest	2	377192
1515.504	3.0	rest	2	378876
1522.236	3.0	right_hand	3	380559
1528.968	3.0	rest	2	382242
1535.704	3.0	right_hand	3	383926
1542.436	3.0	rest	2	385609
1549.168	3.0	rest	2	387292
1555.904	3.0	left_hand	1	388976
1562.632	3.0	rest	2	390658
1569.368	3.0	rest	2	392342
1576.104	3.0	left_hand	1	394026
1582.832	3.0	right_hand	3	395708
1589.564	3.0	left_hand	1	397391
1596.3	3.0	left_hand	1	399075
1702.364	3.0	left_hand	1	425591
1708.696	3.0	right_hand	3	427174
1715.024	3.0	rest	2	428756
1721.356	3.0	left_hand	1	430339
1727.688	3.0	rest	2	431922
1734.02	3.0	right_hand	3	433505
1740.352	3.0	left_hand	1	435088
1746.684	3.0	rest	2	436671
1753.012	3.0	left_hand	1	438253
1759.344	3.0	right_hand	3	439836
1765.676	3.0	left_hand	1	441419
1772.008	3.0	right_hand	3	443002
1778.34	3.0	left_hand	1	444585
1784.668	3.0	left_hand	1	446167
1791.0	3.0	right_hand	3	447750
1797.332	3.0	rest	2	449333
1803.668	3.0	left_hand	1	450917
1809.996	3.0	left_hand	1	452499
1816.324	3.0	left_hand	1	454081
1822.656	3.0	left_hand	1	455664
1828.988	3.0	rest	2	457247
1835.32	3.0	right_hand	3	458830
1841.652	3.0	left_hand	1	460413
1847.984	3.0	left_hand	1	461996
1854.312	3.0	right_hand	3	463578
1860.644	3.0	right_hand	3	465161
1866.976	3.0	left_hand	1	466744
1873.308	3.0	rest	2	468327
1879.636	3.0	left_hand	1	469909
1885.968	3.0	left_hand	1	471492
1931.764	3.0	left_hand	1	482941
1938.116	3.0	right_hand	3	484529
1944.468	3.0	right_hand	3	486117
1950.82	3.0	left_hand	1	487705
1957.176	3.0	left_hand	1	489294
1963.524	3.0	rest	2	490881
1969.876	3.0	rest	2	492469
1976.228	3.0	rest	2	494057
1982.58	3.0	rest	2	495645
1988.936	3.0	rest	2	497234
1995.288	3.0	right_hand	3	498822
2001.636	3.0	rest	2	500409
2007.988	3.0	rest	2	501997
2014.34	3.0	left_hand	1	503585
2020.692	3.0	left_hand	1	505173
2027.044	3.0	rest	2	506761
2033.396	3.0	left_hand	1	508349
2039.748	3.0	left_hand	1	509937
2046.1	3.0	right_hand	3	511525
2052.456	3.0	right_hand	3	513114
2058.804	3.0	left_hand	1	514701
2065.16	3.0	left_hand	1	516290
2071.508	3.0	left_hand	1	517877
2077.86	3.0	rest	2	519465
2084.212	3.0	rest	2	521053
2090.564	3.0	left_hand	1	522641
2096.916	3.0	left_hand	1	524229
2103.268	3.0	left_hand	1	525817
2109.62	3.0	left_hand	1	527405
2115.972	3.0	left_hand	1	528993
2544.412	3.0	right_hand	3	636103
2550.948	3.0	right_hand	3	637737
2557.484	3.0	right_hand	3	639371
2564.024	3.0	left_hand	1	641006
2570.568	3.0	right_hand	3	642642
2577.104	3.0	right_hand	3	644276
2583.644	3.0	right_hand	3	645911
2590.18	3.0	right_hand	3	647545
2596.72	3.0	right_hand	3	649180
2603.26	3.0	left_hand	1	650815
2609.796	3.0	left_hand	1	652449
2616.336	3.0	left_hand	1	654084
2622.876	3.0	rest	2	655719
2629.416	3.0	left_hand	1	657354
2635.952	3.0	right_hand	3	658988
2642.492	3.0	rest	2	660623
2649.032	3.0	right_hand	3	662258
2655.572	3.0	rest	2	663893
2662.108	3.0	left_hand	1	665527
2668.648	3.0	left_hand	1	667162
2675.188	3.0	rest	2	668797
2681.728	3.0	rest	2	670432
2688.264	3.0	left_hand	1	672066
2694.804	3.0	rest	2	673701
2701.344	3.0	right_hand	3	675336
2707.884	3.0	right_hand	3	676971
2714.42	3.0	left_hand	1	678605
2720.96	3.0	left_hand	1	680240
2727.5	3.0	left_hand	1	681875
2734.04	3.0	left_hand	1	683510
