name	type	units	low_cutoff	high_cutoff	description	sampling_frequency	status	status_description
Fp1	EEG	µV	0.0	125.0	ElectroEncephaloGram	250.0	good	n/a
Fp2	EEG	µV	0.0	125.0	ElectroEncephaloGram	250.0	good	n/a
Fz	EEG	µV	0.0	125.0	ElectroEncephaloGram	250.0	good	n/a
F1	EEG	µV	0.0	125.0	ElectroEncephaloGram	250.0	good	n/a
F2	EEG	µV	0.0	125.0	ElectroEncephaloGram	250.0	good	n/a
F3	EEG	µV	0.0	125.0	ElectroEncephaloGram	250.0	good	n/a
F4	EEG	µV	0.0	125.0	ElectroEncephaloGram	250.0	good	n/a
FC1	EEG	µV	0.0	125.0	ElectroEncephaloGram	250.0	good	n/a
FC2	EEG	µV	0.0	125.0	ElectroEncephaloGram	250.0	good	n/a
FC3	EEG	µV	0.0	125.0	ElectroEncephaloGram	250.0	good	n/a
FC4	EEG	µV	0.0	125.0	ElectroEncephaloGram	250.0	good	n/a
Cz	EEG	µV	0.0	125.0	ElectroEncephaloGram	250.0	good	n/a
C1	EEG	µV	0.0	125.0	ElectroEncephaloGram	250.0	good	n/a
C2	EEG	µV	0.0	125.0	ElectroEncephaloGram	250.0	good	n/a
C3	EEG	µV	0.0	125.0	ElectroEncephaloGram	250.0	good	n/a
C4	EEG	µV	0.0	125.0	ElectroEncephaloGram	250.0	good	n/a
CPz	EEG	µV	0.0	125.0	ElectroEncephaloGram	250.0	good	n/a
CP1	EEG	µV	0.0	125.0	ElectroEncephaloGram	250.0	good	n/a
CP2	EEG	µV	0.0	125.0	ElectroEncephaloGram	250.0	good	n/a
Pz	EEG	µV	0.0	125.0	ElectroEncephaloGram	250.0	good	n/a
P3	EEG	µV	0.0	125.0	ElectroEncephaloGram	250.0	good	n/a
P4	EEG	µV	0.0	125.0	ElectroEncephaloGram	250.0	good	n/a
M1	EEG	µV	0.0	125.0	ElectroEncephaloGram	250.0	good	n/a
M2	EEG	µV	0.0	125.0	ElectroEncephaloGram	250.0	good	n/a
