name	x	y	z
Fp1	-0.03090258833242555	0.11458517879242798	0.02786657432908913
Fp2	0.028409495337624727	0.11534630990164213	0.027721257722525875
Fz	-0.001229271161566281	0.09327445200029715	0.1026392934768164
F1	-0.029043947159812532	0.0914484772511269	0.09661865029442043
F2	0.02796791320013783	0.09186996574934479	0.09577991837531276
F3	-0.05180903841183724	0.08668789888287941	0.07871409302883386
F4	0.050274277731628736	0.08743838910239796	0.07727065434234194
FC1	-0.03571586037883836	0.06171405984105545	0.11798301537735345
FC2	0.033130982370817734	0.06182848606183057	0.11678169813445419
FC3	-0.06185233708120759	0.057133285360774055	0.09376582882952159
FC4	0.06062548180278077	0.05770742045738668	0.09379461804488001
Cz	-0.0013741334028190722	0.027617093595102737	0.14019949417439556
C1	-0.03793782383476591	0.0263374518138683	0.1297706088883019
C2	0.03589271692022557	0.026358138278001507	0.12841234097161083
C3	-0.0671487229331174	0.023358230537446293	0.1045106810602483
C4	0.06532888071838541	0.023573104961569495	0.10369243420047652
CPz	-0.0015249049095034388	-0.010518376385192287	0.1415491439762969
CP1	-0.03742512541749303	-0.0108242377168398	0.13344371157184132
CP2	0.036471959575241124	-0.010903791502932452	0.1328122726312171
Pz	-0.001709445046746896	-0.045212993324122014	0.12667292418209622
P3	-0.0550382318026169	-0.044210304662340896	0.09990897692200876
P4	0.05363601546337514	-0.04433452185507687	0.10051602773215099
M1	-0.08801181529688196	-0.01736642072714718	-0.025732015697953692
M2	0.08385702010369446	-0.01799997664127678	-0.02577593583639827
